resolved_player_id,player_full_name,loyalty_card_id,casino_player_id,pms_guest_id,tier,tier_credits,dedicated_host_id,is_hosted,gaming_theo_win,gaming_actual_win,hotel_ancillary_rev,comp_dollars_issued,blended_worth,comp_efficiency_ratio,floor_vs_pms_worth_gap,carded_sessions,hotel_stays,days_since_last_play,reactivation_flag,high_worth_unhosted_flag,identity_resolved_from_sources
RP0008,Fatima Singh,7008441200000493,10000196,G8056624,Chairman's Club,470725,H03,Y,214629.43,-10902.56,414716.86,115832.72,252465.62,0.46,-24381.95,15,11,61,N,N,3
RP0011,Kenneth White,7008441200000678,10000258,G3515697,Chairman's Club,406146,H04,Y,189827.56,45824.56,311512.9,83440.99,203943.29,0.41,-525.99,20,11,24,N,N,3
RP0012,Christopher Ramirez,7008441200000766,10000298,G6544237,Chairman's Club,260283,H05,Y,132436.55,-21255.36,315206.73,98064.64,176540.63,0.56,-37474.89,27,17,28,N,N,3
RP0039,Christopher Chen,7008441200002062,10001031,G9158595,Black,231231,H05,Y,140357.05,17875.44,284822.84,59813.82,169866.52,0.35,-20305.03,23,12,77,N,N,3
RP0031,Thomas Thompson,7008441200001770,10000791,G7400682,Chairman's Club,250725,H05,Y,175873.32,89722.54,197594.66,57512.03,157094.79,0.37,34441.43,25,9,6,N,N,3
RP0043,Matthew Patel,7008441200002178,10001144,G9251350,Black,188080,H01,Y,126405.83,49506.98,248785.52,49487.48,150277.85,0.33,-13068.32,27,13,3,N,N,3
RP0007,Joseph Nakamura,7008441200000422,10000168,G2182358,Black,226463,,N,151010.03,-2988.72,132696.3,23829.99,121948.72,0.2,40061.16,25,7,6,N,Y,3
RP0048,Anthony Ramirez,7008441200002510,10001315,G8181157,Black,196021,H03,Y,93739.61,-17233.27,178060.6,33915.38,109191.01,0.31,-11011.38,14,9,22,N,N,3
RP0038,Wei Harris,7008441200001998,10000997,G7745101,Black,136844,H04,Y,77949.04,-1103.31,116333.69,21711.56,79691.31,0.27,1870.91,16,11,13,N,N,3
RP0006,William Allen,7008441200000346,10000159,G2706468,Black,155659,H02,Y,88853.01,32643.75,80087.2,17750.74,72457.02,0.24,23189.88,12,6,0,N,N,3
RP0035,Raj Hill,7008441200001903,10000905,G8732601,Black,143474,H02,Y,77013.3,24947.69,87329.33,15908.42,69071.92,0.23,13002.08,15,10,17,N,N,3
RP0037,Kimberly Anderson,,10000969,G7762169,Black,123354,H03,Y,71572.83,-37076.14,62416.01,12937.65,57632.02,0.22,15930.3,10,6,56,N,N,2
RP0029,Omar King,7008441200001722,10000737,G7408891,Black,165546,H04,Y,86220.8,46505.22,29819.79,7349.53,53547.33,0.14,39144.06,8,2,55,N,N,3
RP0046,Matthew Johnson,7008441200002397,10001253,G6272599,Black,98402,H02,Y,64003.74,11037.21,52354.71,12728.27,50326.02,0.25,17983.24,8,4,126,Y,N,3
RP0019,Richard Lee,7008441200001102,10000469,G4129286,Black,137577,H02,Y,72796.17,-24883.08,32954.47,4908.89,47932.15,0.1,27179.73,8,3,51,N,N,3
RP0024,Sandra Davis,7008441200001370,10000596,G8822205,Chairman's Club,250000,H03,Y,46116.84,-1263.56,51035.24,12115.73,40920.75,0.3,7880.89,10,5,102,N,N,3
RP0016,Donald Hill,7008441200000909,10000415,G6358756,Black,89959,H01,Y,59595.21,2797.67,29988.45,4703.18,40293.56,0.12,22127.88,14,4,5,N,N,3
RP0034,Joseph Ramirez,,10000881,G4808498,Black,91412,H01,Y,47030.98,-5742.89,45275.28,10683.62,39361.84,0.27,10349.62,9,6,37,N,N,2
RP0017,Lisa Lopez,7008441200000977,10000444,G9151146,Platinum,67534,,N,44982.88,4551.65,35288.25,5665.51,34842.33,0.16,12393.22,12,5,49,N,N,3
RP0033,Michelle Robinson,7008441200001849,10000850,G7463264,Platinum,52531,,N,31022.61,1461.67,31328.84,4090.27,26476.4,0.15,5842.56,9,5,33,N,N,3
RP0020,Robert Smith,7008441200001134,10000482,G7684456,Platinum,63766,,N,32506.46,-3278.57,26166.81,2682.48,25411.61,0.11,9059.74,13,6,0,N,N,3
RP0042,Steven Scott,7008441200002164,10001114,G5500124,Platinum,69432,,N,31747.2,-9403.95,18922.05,2482.42,22496.32,0.11,10276.87,10,4,80,N,N,3
RP0027,Karen Nguyen,7008441200001596,10000697,G7354381,Platinum,50451,,N,29373.52,-8517.39,17282.99,2264.04,20735.81,0.11,10169.84,6,3,2,N,N,3
RP0030,James Walker,,10000771,G6852895,Platinum,44938,,N,24068.78,1769.34,11529.38,1330.38,16069.67,0.08,9621.47,5,3,55,N,N,2
RP0002,Sandra Anderson,7008441200000098,10000044,G3618926,Platinum,43950,,N,25037.4,-10099.97,9841.95,1050.6,15963.38,0.07,10384.62,5,3,28,N,N,3
RP0025,Hiroshi Scott,7008441200001452,10000637,G7508169,Platinum,54172,,N,28315.89,-1273.46,2316.72,172.15,14968.8,0.01,13391.13,3,1,105,N,N,3
RP0010,Michelle Wang,7008441200000619,10000235,G9024454,Platinum,53162,,N,27334.7,44349.4,3677.88,521.27,14954.61,0.03,16815.03,3,1,23,N,N,3
RP0028,William Singh,7008441200001688,10000713,G4385393,Platinum,46505,,N,23845.4,1907.4,7386.15,1258.76,14507.85,0.09,10451.6,5,2,40,N,N,3
RP0005,Steven Lewis,7008441200000305,10000141,G8507165,Platinum,53923,,N,24776.3,-35078.99,4859.65,732.31,14089.03,0.05,10687.27,3,1,151,N,N,3
RP0041,Wei Nakamura,7008441200002146,10001105,G5500123,Platinum,29433,,N,17706.74,1792.88,9607.5,1168.95,12216.0,0.1,6752.51,10,5,8,N,N,3
RP0013,Priya Garcia,,10000341,G2997268,Platinum,38366,,N,21069.61,-6686.57,3798.19,442.96,11864.17,0.04,9797.31,6,1,82,N,N,2
RP0021,Lisa Johnson,7008441200001218,10000492,G2486193,Platinum,32770,,N,15886.46,3707.71,10403.12,1593.54,11584.32,0.14,5315.64,8,4,22,N,N,3
RP0040,Donna Clark,7008441200002081,10001063,G4404877,Platinum,26414,,N,17039.48,-14754.49,8019.27,1027.0,11326.48,0.09,6110.52,8,4,18,N,N,3
RP0036,Joseph Robinson,7008441200001918,10000923,G6592968,Platinum,25511,,N,13232.26,9711.41,5632.59,720.69,8587.54,0.08,6095.89,4,2,104,N,N,3
RP0026,Andrew Torres,7008441200001517,10000678,G9181599,Platinum,24739,,N,16003.96,6781.35,1444.39,144.71,8507.52,0.02,8506.43,3,1,17,N,N,3
RP0023,Susan Taylor,7008441200001333,10000564,G8806600,Platinum,18265,,N,11899.27,12753.28,2143.45,242.53,6699.84,0.04,6474.76,6,2,247,N,N,3
RP0047,Donald Anderson,7008441200002441,10001269,G4906007,Platinum,20313,,N,10436.51,142.55,2713.75,317.36,6168.07,0.05,4968.94,9,3,7,N,N,3
RP0003,Kimberly Williams,7008441200000189,10000084,G2433487,Chairman's Club,250000,H01,Y,4971.46,7429.91,0.0,0.0,2485.73,0.0,3228.72,1,0,211,N,N,3
RP0050,Amanda Rossi,7008441200002583,10001373,G5588464,Red,7870,,N,3857.04,-2965.18,1436.41,108.59,2431.26,0.04,1481.34,3,2,63,N,N,3
RP0015,Patricia Clark,7008441200000858,10000397,G4756642,Red,5715,,N,3539.35,-2862.51,1445.7,117.36,2275.67,0.05,1332.88,3,2,118,N,N,3
RP0001,Paul King,7008441200000049,10000000,,Red,5548,,N,3815.9,5629.08,0.0,0.0,1907.95,0.0,2470.86,4,0,1,N,N,2
RP0009,Lisa Torres,7008441200000574,10000228,G1059363,Red,5894,,N,3689.43,-147.04,0.0,0.0,1844.72,0.0,2199.08,2,0,7,N,N,3
RP0045,Chen Thomas,7008441200002333,10001236,,Red,6433,,N,2935.77,-3363.7,0.0,0.0,1467.88,0.0,1467.88,3,0,127,N,N,2
RP0018,William Rossi,7008441200001061,10000453,G3846175,Red,5453,,N,2754.85,5602.69,0.0,0.0,1377.42,0.0,1937.69,1,0,40,N,N,3
RP0044,Paul Scott,7008441200002250,10001196,G2210378,Red,4873,,N,2584.62,-1377.53,0.0,0.0,1292.31,0.0,1292.31,1,0,332,N,N,3
RP0014,Thomas Garcia,7008441200000832,10000365,,Red,4796,,N,2476.96,-1633.65,0.0,0.0,1238.48,0.0,1255.27,2,0,140,N,N,2
RP0022,Barbara Perez,7008441200001266,10000531,G1235818,Red,2858,,N,1944.21,-3133.46,496.92,41.89,1146.03,0.04,798.18,2,1,237,N,N,3
RP0032,James Garcia,7008441200001784,10000809,G2432535,Red,2564,,N,1566.63,315.95,82.93,5.19,812.34,0.01,844.03,4,1,37,N,N,3
RP0049,John Harris,7008441200002527,10001329,G2332250,Red,1375,,N,890.69,2066.58,0.0,0.0,445.35,0.0,652.0,1,0,356,N,N,3
RP0004,Joseph Moore,7008441200000244,10000124,G5665937,Red,819,,N,399.89,144.07,155.68,10.61,254.43,0.04,179.71,4,2,56,N,N,3
